{"accuracy": [0.5951063632965088, 0.8584678769111633, 0.9142613410949707, 0.9387723207473755, 0.9554733633995056, 0.9638665914535522, 0.9698982834815979, 0.9748488664627075, 0.979173481464386, 0.9818479418754578], "loss": [1.3783032894134521, 0.4439850449562073, 0.26784786581993103, 0.18236197531223297, 0.13716164231300354, 0.11191097646951675, 0.09130258858203888, 0.07575150579214096, 0.06243874877691269, 0.05541582405567169], "val_accuracy": [0.8485658764839172, 0.9207830429077148, 0.9425790905952454, 0.9565786719322205, 0.9338720440864563, 0.9405872821807861, 0.9585135579109192, 0.9710903763771057, 0.9693831205368042, 0.9706351161003113], "val_loss": [0.47841498255729675, 0.25025707483291626, 0.1796424835920334, 0.13430297374725342, 0.21032187342643738, 0.2002885341644287, 0.13349732756614685, 0.09664339572191238, 0.10072845965623856, 0.1069115400314331]}